<?xml version="1.0"?>
<doc>
    <assembly>
        <name>Vit.Http.ChunkUpload</name>
    </assembly>
    <members>
        <member name="F:Vit.Http.ChunkUpload.UploadChunk.apiRoute">
            <summary>
            
            </summary>
        </member>
        <member name="F:Vit.Http.ChunkUpload.UploadChunk.expireTime">
            <summary>
            文件块间距过期时间（默认10分钟）
            </summary>
        </member>
        <member name="F:Vit.Http.ChunkUpload.UploadChunk_TempFile.OnUploadedFile">
            <summary>
            async(tempFilePath, fileName, httpContext)=>{  return (ApiReturn)true;   }
            </summary>
        </member>
    </members>
</doc>
